Zip,total,none,perc_none,n_4,perc_n_4,n_4_orless,perc_n_4_orless,5_6,perc_5_6,5_6_orless,perc_5_6_orless,7_8,perc_7_8,7_8_orless,perc_7_8_orless,9,perc_9,9_orless,perc_9_orless,10,perc_10,10_orless,perc_10_orless,11,perc_11,11_orless,perc_11_orless,12,perc_12,12_orless,perc_12_orless,perc_hs_grad_ormore,hs_grad,perc_hs_grad,hs_grad_orless,perc_hs_grad_orless,col_<1,perc_col_<1,col_<1_orless,perc_col_<1_orless,col_>1,perc_col_>1,col_>1_orless,perc_col_>1_orless,perc_associate_ormore,associate,perc_associate,associate_orless,perc_associate_orless,bachelor,perc_bachelor,bachelor_orless,perc_bachelor_orless,master,perc_master,master_orless,perc_master_orless,professional,perc_professional,professional_orless,perc_professional_orless,doctorate,perc_doctorate,doctorate_orless,perc_doctorate_orless
37010,3247,0,0,0,0,0,0,1,0.03,1,0.03,102,3.14,103,3.17,47,1.45,150,4.62,29,0.89,179,5.51,25,0.77,204,6.28,61,1.88,265,8.16,91.84,819,25.22,1084,33.38,252,7.76,1336,41.15,674,20.76,2010,61.9,38.10,238,7.33,2248,69.23,543,16.72,2791,85.96,390,12.01,3181,97.97,47,1.45,3228,99.41,19,0.59,3247,100
37012,1675,11,0.66,2,0.12,13,0.78,0,0,13,0.78,83,4.96,96,5.73,56,3.34,152,9.07,51,3.04,203,12.12,49,2.93,252,15.04,36,2.15,288,17.19,82.81,789,47.1,1077,64.3,117,6.99,1194,71.28,204,12.18,1398,83.46,16.54,114,6.81,1512,90.27,144,8.6,1656,98.87,15,0.9,1671,99.76,0,0,1671,99.76,4,0.24,1675,100
37013,62355,1822,2.92,355,0.57,2177,3.49,951,1.53,3128,5.02,705,1.13,3833,6.15,821,1.32,4654,7.46,894,1.43,5548,8.9,638,1.02,6186,9.92,1386,2.22,7572,12.14,87.86,15971,25.61,23543,37.76,3147,5.05,26690,42.8,9466,15.18,36156,57.98,42.02,5652,9.06,41808,67.05,14323,22.97,56131,90.02,4860,7.79,60991,97.81,1055,1.69,62046,99.5,309,0.5,62355,100
37014,2012,9,0.45,0,0,9,0.45,0,0,9,0.45,7,0.35,16,0.8,11,0.55,27,1.34,14,0.7,41,2.04,45,2.24,86,4.27,81,4.03,167,8.3,91.70,364,18.09,531,26.39,93,4.62,624,31.01,213,10.59,837,41.6,58.40,102,5.07,939,46.67,704,34.99,1643,81.66,273,13.57,1916,95.23,42,2.09,1958,97.32,54,2.68,2012,100
37015,12590,79,0.63,31,0.25,110,0.87,78,0.62,188,1.49,462,3.67,650,5.16,336,2.67,986,7.83,313,2.49,1299,10.32,486,3.86,1785,14.18,205,1.63,1990,15.81,84.19,5081,40.36,7071,56.16,908,7.21,7979,63.38,1636,12.99,9615,76.37,23.63,787,6.25,10402,82.62,1488,11.82,11890,94.44,480,3.81,12370,98.25,104,0.83,12474,99.08,116,0.92,12590,100
37016,746,0,0,2,0.27,2,0.27,0,0,2,0.27,36,4.83,38,5.09,1,0.13,39,5.23,42,5.63,81,10.86,24,3.22,105,14.08,0,0,105,14.08,85.92,348,46.65,453,60.72,51,6.84,504,67.56,42,5.63,546,73.19,26.81,67,8.98,613,82.17,86,11.53,699,93.7,37,4.96,736,98.66,0,0,736,98.66,10,1.34,746,100
37020,3815,16,0.42,0,0,16,0.42,23,0.6,39,1.02,26,0.68,65,1.7,74,1.94,139,3.64,3,0.08,142,3.72,127,3.33,269,7.05,65,1.7,334,8.75,91.25,1398,36.64,1732,45.4,372,9.75,2104,55.15,465,12.19,2569,67.34,32.66,283,7.42,2852,74.76,713,18.69,3565,93.45,166,4.35,3731,97.8,64,1.68,3795,99.48,20,0.52,3815,100
37022,4204,65,1.55,0,0,65,1.55,41,0.98,106,2.52,176,4.19,282,6.71,96,2.28,378,8.99,268,6.37,646,15.37,131,3.12,777,18.48,153,3.64,930,22.12,77.88,1472,35.01,2402,57.14,547,13.01,2949,70.15,581,13.82,3530,83.97,16.03,281,6.68,3811,90.65,322,7.66,4133,98.31,64,1.52,4197,99.83,7,0.17,4204,100,0,0,4204,100
37025,3894,21,0.54,61,1.57,82,2.11,65,1.67,147,3.78,56,1.44,203,5.21,111,2.85,314,8.06,257,6.6,571,14.66,61,1.57,632,16.23,94,2.41,726,18.64,81.36,1749,44.92,2475,63.56,189,4.85,2664,68.41,525,13.48,3189,81.9,18.10,173,4.44,3362,86.34,366,9.4,3728,95.74,153,3.93,3881,99.67,0,0,3881,99.67,13,0.33,3894,100
37026,1648,23,1.4,0,0,23,1.4,0,0,23,1.4,65,3.94,88,5.34,0,0,88,5.34,53,3.22,141,8.56,103,6.25,244,14.81,76,4.61,320,19.42,80.58,791,48,1111,67.42,57,3.46,1168,70.87,187,11.35,1355,82.22,17.78,127,7.71,1482,89.93,137,8.31,1619,98.24,29,1.76,1648,100,0,0,1648,100,0,0,1648,100
37027,36625,112,0.31,11,0.03,123,0.34,37,0.1,160,0.44,139,0.38,299,0.82,72,0.2,371,1.01,105,0.29,476,1.3,47,0.13,523,1.43,129,0.35,652,1.78,98.22,2744,7.49,3396,9.27,1215,3.32,4611,12.59,2887,7.88,7498,20.47,79.53,1693,4.62,9191,25.09,16139,44.07,25330,69.16,7717,21.07,33047,90.23,2137,5.83,35184,96.07,1441,3.93,36625,100
37029,5037,38,0.75,5,0.1,43,0.85,44,0.87,87,1.73,25,0.5,112,2.22,50,0.99,162,3.22,110,2.18,272,5.4,160,3.18,432,8.58,36,0.71,468,9.29,90.71,1831,36.35,2299,45.64,300,5.96,2599,51.6,794,15.76,3393,67.36,32.64,403,8,3796,75.36,857,17.01,4653,92.38,259,5.14,4912,97.52,108,2.14,5020,99.66,17,0.34,5037,100
37030,4894,60,1.23,13,0.27,73,1.49,14,0.29,87,1.78,350,7.15,437,8.93,128,2.62,565,11.54,138,2.82,703,14.36,129,2.64,832,17,77,1.57,909,18.57,81.43,2373,48.49,3282,67.06,272,5.56,3554,72.62,395,8.07,3949,80.69,19.31,329,6.72,4278,87.41,407,8.32,4685,95.73,170,3.47,4855,99.2,6,0.12,4861,99.33,33,0.67,4894,100
37031,3147,49,1.56,12,0.38,61,1.94,98,3.11,159,5.05,66,2.1,225,7.15,13,0.41,238,7.56,61,1.94,299,9.5,78,2.48,377,11.98,78,2.48,455,14.46,85.54,1212,38.51,1667,52.97,231,7.34,1898,60.31,437,13.89,2335,74.2,25.80,258,8.2,2593,82.4,374,11.88,2967,94.28,142,4.51,3109,98.79,38,1.21,3147,100,0,0,3147,100
37032,3502,28,0.8,36,1.03,64,1.83,28,0.8,92,2.63,170,4.85,262,7.48,168,4.8,430,12.28,136,3.88,566,16.16,7,0.2,573,16.36,54,1.54,627,17.9,82.10,1222,34.89,1849,52.8,172,4.91,2021,57.71,346,9.88,2367,67.59,32.41,314,8.97,2681,76.56,600,17.13,3281,93.69,204,5.83,3485,99.51,0,0,3485,99.51,17,0.49,3502,100
37035,2258,19,0.84,0,0,19,0.84,0,0,19,0.84,40,1.77,59,2.61,77,3.41,136,6.02,72,3.19,208,9.21,121,5.36,329,14.57,37,1.64,366,16.21,83.79,860,38.09,1226,54.3,157,6.95,1383,61.25,287,12.71,1670,73.96,26.04,164,7.26,1834,81.22,245,10.85,2079,92.07,130,5.76,2209,97.83,28,1.24,2237,99.07,21,0.93,2258,100
37036,4163,84,2.02,42,1.01,126,3.03,2,0.05,128,3.07,182,4.37,310,7.45,244,5.86,554,13.31,201,4.83,755,18.14,199,4.78,954,22.92,70,1.68,1024,24.6,75.40,2072,49.77,3096,74.37,210,5.04,3306,79.41,235,5.64,3541,85.06,14.94,190,4.56,3731,89.62,317,7.61,4048,97.24,69,1.66,4117,98.9,8,0.19,4125,99.09,38,0.91,4163,100
37037,5357,19,0.35,0,0,19,0.35,19,0.35,38,0.71,71,1.33,109,2.03,40,0.75,149,2.78,46,0.86,195,3.64,158,2.95,353,6.59,133,2.48,486,9.07,90.93,1981,36.98,2467,46.05,446,8.33,2913,54.38,652,12.17,3565,66.55,33.45,453,8.46,4018,75,1012,18.89,5030,93.9,180,3.36,5210,97.26,89,1.66,5299,98.92,58,1.08,5357,100
37043,32535,165,0.51,0,0,165,0.51,32,0.1,197,0.61,274,0.84,471,1.45,95,0.29,566,1.74,186,0.57,752,2.31,310,0.95,1062,3.26,349,1.07,1411,4.34,95.66,9121,28.03,10532,32.37,2137,6.57,12669,38.94,4364,13.41,17033,52.35,47.65,2761,8.49,19794,60.84,8092,24.87,27886,85.71,3388,10.41,31274,96.12,583,1.79,31857,97.92,678,2.08,32535,100
37046,3899,0,0,0,0,0,0,10,0.26,10,0.26,0,0,10,0.26,0,0,10,0.26,31,0.8,41,1.05,53,1.36,94,2.41,82,2.1,176,4.51,95.49,885,22.7,1061,27.21,255,6.54,1316,33.75,580,14.88,1896,48.63,51.37,186,4.77,2082,53.4,1103,28.29,3185,81.69,512,13.13,3697,94.82,167,4.28,3864,99.1,35,0.9,3899,100
37048,4621,57,1.23,32,0.69,89,1.93,0,0,89,1.93,68,1.47,157,3.4,52,1.13,209,4.52,121,2.62,330,7.14,124,2.68,454,9.82,75,1.62,529,11.45,88.55,1697,36.72,2226,48.17,353,7.64,2579,55.81,675,14.61,3254,70.42,29.58,352,7.62,3606,78.04,728,15.75,4334,93.79,224,4.85,4558,98.64,55,1.19,4613,99.83,8,0.17,4621,100
37049,2426,24,0.99,7,0.29,31,1.28,13,0.54,44,1.81,54,2.23,98,4.04,47,1.94,145,5.98,80,3.3,225,9.27,61,2.51,286,11.79,20,0.82,306,12.61,87.39,1056,43.53,1362,56.14,213,8.78,1575,64.92,300,12.37,1875,77.29,22.71,164,6.76,2039,84.05,315,12.98,2354,97.03,50,2.06,2404,99.09,8,0.33,2412,99.42,14,0.58,2426,100
37051,2605,9,0.35,9,0.35,18,0.69,0,0,18,0.69,120,4.61,138,5.3,15,0.58,153,5.87,21,0.81,174,6.68,43,1.65,217,8.33,43,1.65,260,9.98,90.02,1192,45.76,1452,55.74,323,12.4,1775,68.14,232,8.91,2007,77.04,22.96,175,6.72,2182,83.76,223,8.56,2405,92.32,170,6.53,2575,98.85,17,0.65,2592,99.5,13,0.5,2605,100
37055,19083,193,1.01,137,0.72,330,1.73,49,0.26,379,1.99,507,2.66,886,4.64,333,1.75,1219,6.39,799,4.19,2018,10.57,562,2.95,2580,13.52,267,1.4,2847,14.92,85.08,7648,40.08,10495,55,1607,8.42,12102,63.42,2575,13.49,14677,76.91,23.09,1222,6.4,15899,83.31,2030,10.64,17929,93.95,818,4.29,18747,98.24,242,1.27,18989,99.51,94,0.49,19083,100
37057,565,11,1.95,0,0,11,1.95,17,3.01,28,4.96,109,19.29,137,24.25,0,0,137,24.25,9,1.59,146,25.84,0,0,146,25.84,0,0,146,25.84,74.16,262,46.37,408,72.21,16,2.83,424,75.04,41,7.26,465,82.3,17.70,93,16.46,558,98.76,7,1.24,565,100,0,0,565,100,0,0,565,100,0,0,565,100
37060,2008,7,0.35,0,0,7,0.35,20,1,27,1.34,16,0.8,43,2.14,39,1.94,82,4.08,73,3.64,155,7.72,63,3.14,218,10.86,44,2.19,262,13.05,86.95,783,38.99,1045,52.04,68,3.39,1113,55.43,280,13.94,1393,69.37,30.63,120,5.98,1513,75.35,296,14.74,1809,90.09,147,7.32,1956,97.41,8,0.4,1964,97.81,44,2.19,2008,100
37062,7778,194,2.49,9,0.12,203,2.61,69,0.89,272,3.5,153,1.97,425,5.46,169,2.17,594,7.64,196,2.52,790,10.16,111,1.43,901,11.58,222,2.85,1123,14.44,85.56,2056,26.43,3179,40.87,679,8.73,3858,49.6,1063,13.67,4921,63.27,36.73,727,9.35,5648,72.62,1575,20.25,7223,92.86,428,5.5,7651,98.37,66,0.85,7717,99.22,61,0.78,7778,100
37064,40214,177,0.44,100,0.25,277,0.69,484,1.2,761,1.89,354,0.88,1115,2.77,207,0.51,1322,3.29,714,1.78,2036,5.06,352,0.88,2388,5.94,442,1.1,2830,7.04,92.96,6616,16.45,9446,23.49,2060,5.12,11506,28.61,4509,11.21,16015,39.82,60.18,2536,6.31,18551,46.13,13976,34.75,32527,80.88,5520,13.73,38047,94.61,1357,3.37,39404,97.99,810,2.01,40214,100
37066,36538,338,0.93,221,0.6,559,1.53,347,0.95,906,2.48,1026,2.81,1932,5.29,513,1.4,2445,6.69,581,1.59,3026,8.28,684,1.87,3710,10.15,564,1.54,4274,11.7,88.30,10814,29.6,15088,41.29,2636,7.21,17724,48.51,5708,15.62,23432,64.13,35.87,2888,7.9,26320,72.03,6999,19.16,33319,91.19,2517,6.89,35836,98.08,472,1.29,36308,99.37,230,0.63,36538,100
37067,20618,40,0.19,32,0.16,72,0.35,40,0.19,112,0.54,68,0.33,180,0.87,55,0.27,235,1.14,11,0.05,246,1.19,96,0.47,342,1.66,230,1.12,572,2.77,97.23,2196,10.65,2768,13.43,821,3.98,3589,17.41,2297,11.14,5886,28.55,71.45,1166,5.66,7052,34.2,7991,38.76,15043,72.96,4017,19.48,19060,92.44,855,4.15,19915,96.59,703,3.41,20618,100
37069,13385,23,0.17,0,0,23,0.17,10,0.07,33,0.25,39,0.29,72,0.54,0,0,72,0.54,9,0.07,81,0.61,24,0.18,105,0.78,89,0.66,194,1.45,98.55,1048,7.83,1242,9.28,504,3.77,1746,13.04,1419,10.6,3165,23.65,76.35,615,4.59,3780,28.24,5901,44.09,9681,72.33,2514,18.78,12195,91.11,750,5.6,12945,96.71,440,3.29,13385,100
37072,22679,256,1.13,68,0.3,324,1.43,161,0.71,485,2.14,353,1.56,838,3.7,259,1.14,1097,4.84,306,1.35,1403,6.19,426,1.88,1829,8.06,427,1.88,2256,9.95,90.05,6735,29.7,8991,39.64,1947,8.59,10938,48.23,3424,15.1,14362,63.33,36.67,1801,7.94,16163,71.27,4367,19.26,20530,90.52,1491,6.57,22021,97.1,360,1.59,22381,98.69,298,1.31,22679,100
37073,9898,151,1.53,58,0.59,209,2.11,94,0.95,303,3.06,135,1.36,438,4.43,95,0.96,533,5.38,168,1.7,701,7.08,288,2.91,989,9.99,145,1.46,1134,11.46,88.54,3682,37.2,4816,48.66,877,8.86,5693,57.52,1561,15.77,7254,73.29,26.71,666,6.73,7920,80.02,1451,14.66,9371,94.68,434,4.38,9805,99.06,57,0.58,9862,99.64,36,0.36,9898,100
37074,6377,88,1.38,44,0.69,132,2.07,29,0.45,161,2.52,202,3.17,363,5.69,91,1.43,454,7.12,148,2.32,602,9.44,198,3.1,800,12.55,98,1.54,898,14.08,85.92,2547,39.94,3445,54.02,528,8.28,3973,62.3,907,14.22,4880,76.53,23.47,604,9.47,5484,86,598,9.38,6082,95.37,264,4.14,6346,99.51,14,0.22,6360,99.73,17,0.27,6377,100
37075,45209,278,0.61,125,0.28,403,0.89,100,0.22,503,1.11,379,0.84,882,1.95,256,0.57,1138,2.52,533,1.18,1671,3.7,354,0.78,2025,4.48,531,1.17,2556,5.65,94.35,11153,24.67,13709,30.32,3534,7.82,17243,38.14,6629,14.66,23872,52.8,47.20,4093,9.05,27965,61.86,11548,25.54,39513,87.4,4008,8.87,43521,96.27,937,2.07,44458,98.34,751,1.66,45209,100
37076,28788,272,0.94,141,0.49,413,1.43,110,0.38,523,1.82,60,0.21,583,2.03,377,1.31,960,3.33,403,1.4,1363,4.73,399,1.39,1762,6.12,433,1.5,2195,7.62,92.38,6816,23.68,9011,31.3,1855,6.44,10866,37.74,4458,15.49,15324,53.23,46.77,2649,9.2,17973,62.43,7658,26.6,25631,89.03,2296,7.98,27927,97.01,473,1.64,28400,98.65,388,1.35,28788,100
37080,5643,141,2.5,0,0,141,2.5,57,1.01,198,3.51,101,1.79,299,5.3,205,3.63,504,8.93,305,5.4,809,14.34,262,4.64,1071,18.98,120,2.13,1191,21.11,78.89,1911,33.86,3102,54.97,336,5.95,3438,60.93,757,13.41,4195,74.34,25.66,375,6.65,4570,80.99,669,11.86,5239,92.84,258,4.57,5497,97.41,86,1.52,5583,98.94,60,1.06,5643,100
37082,4166,3,0.07,16,0.38,19,0.46,0,0,19,0.46,10,0.24,29,0.7,10,0.24,39,0.94,25,0.6,64,1.54,46,1.1,110,2.64,13,0.31,123,2.95,97.05,1319,31.66,1442,34.61,207,4.97,1649,39.58,833,20,2482,59.58,40.42,561,13.47,3043,73.04,757,18.17,3800,91.21,327,7.85,4127,99.06,21,0.5,4148,99.57,18,0.43,4166,100
37083,10077,124,1.23,10,0.1,134,1.33,140,1.39,274,2.72,583,5.79,857,8.5,224,2.22,1081,10.73,265,2.63,1346,13.36,252,2.5,1598,15.86,317,3.15,1915,19,81.00,4604,45.69,6519,64.69,748,7.42,7267,72.11,1107,10.99,8374,83.1,16.90,640,6.35,9014,89.45,522,5.18,9536,94.63,334,3.31,9870,97.95,151,1.5,10021,99.44,56,0.56,10077,100
37085,3140,17,0.54,23,0.73,40,1.27,29,0.92,69,2.2,109,3.47,178,5.67,0,0,178,5.67,19,0.61,197,6.27,90,2.87,287,9.14,36,1.15,323,10.29,89.71,938,29.87,1261,40.16,313,9.97,1574,50.13,407,12.96,1981,63.09,36.91,174,5.54,2155,68.63,733,23.34,2888,91.97,186,5.92,3074,97.9,33,1.05,3107,98.95,33,1.05,3140,100
37086,20424,538,2.63,16,0.08,554,2.71,189,0.93,743,3.64,219,1.07,962,4.71,232,1.14,1194,5.85,327,1.6,1521,7.45,348,1.7,1869,9.15,632,3.09,2501,12.25,87.75,6590,32.27,9091,44.51,1473,7.21,10564,51.72,3942,19.3,14506,71.02,28.98,1750,8.57,16256,79.59,3026,14.82,19282,94.41,989,4.84,20271,99.25,106,0.52,20377,99.77,47,0.23,20424,100
37087,33236,165,0.5,73,0.22,238,0.72,420,1.26,658,1.98,914,2.75,1572,4.73,534,1.61,2106,6.34,649,1.95,2755,8.29,617,1.86,3372,10.15,346,1.04,3718,11.19,88.81,11338,34.11,15056,45.3,2500,7.52,17556,52.82,4343,13.07,21899,65.89,34.11,2732,8.22,24631,74.11,5904,17.76,30535,91.87,1982,5.96,32517,97.84,344,1.04,32861,98.87,375,1.13,33236,100
37090,10890,128,1.18,13,0.12,141,1.29,13,0.12,154,1.41,398,3.65,552,5.07,196,1.8,748,6.87,212,1.95,960,8.82,108,0.99,1068,9.81,181,1.66,1249,11.47,88.53,3503,32.17,4752,43.64,957,8.79,5709,52.42,1340,12.3,7049,64.73,35.27,1020,9.37,8069,74.1,2041,18.74,10110,92.84,626,5.75,10736,98.59,39,0.36,10775,98.94,115,1.06,10890,100
37091,15466,184,1.19,25,0.16,209,1.35,169,1.09,378,2.44,589,3.81,967,6.25,377,2.44,1344,8.69,565,3.65,1909,12.34,523,3.38,2432,15.72,162,1.05,2594,16.77,83.23,6192,40.04,8786,56.81,1192,7.71,9978,64.52,2150,13.9,12128,78.42,21.58,1096,7.09,13224,85.5,1553,10.04,14777,95.55,367,2.37,15144,97.92,257,1.66,15401,99.58,65,0.42,15466,100
37095,1759,1,0.06,16,0.91,17,0.97,11,0.63,28,1.59,4,0.23,32,1.82,45,2.56,77,4.38,18,1.02,95,5.4,152,8.64,247,14.04,0,0,247,14.04,85.96,745,42.35,992,56.4,72,4.09,1064,60.49,223,12.68,1287,73.17,26.83,159,9.04,1446,82.21,268,15.24,1714,97.44,20,1.14,1734,98.58,3,0.17,1737,98.75,22,1.25,1759,100
37110,23205,343,1.48,101,0.44,444,1.91,544,2.34,988,4.26,1018,4.39,2006,8.64,819,3.53,2825,12.17,910,3.92,3735,16.1,673,2.9,4408,19,743,3.2,5151,22.2,77.80,9948,42.87,15099,65.07,1208,5.21,16307,70.27,2189,9.43,18496,79.71,20.29,1362,5.87,19858,85.58,2142,9.23,22000,94.81,766,3.3,22766,98.11,211,0.91,22977,99.02,228,0.98,23205,100
37115,27433,633,2.31,344,1.25,977,3.56,565,2.06,1542,5.62,604,2.2,2146,7.82,696,2.54,2842,10.36,595,2.17,3437,12.53,1001,3.65,4438,16.18,576,2.1,5014,18.28,81.72,9319,33.97,14333,52.25,1676,6.11,16009,58.36,4258,15.52,20267,73.88,26.12,1966,7.17,22233,81.04,3425,12.48,25658,93.53,1417,5.17,27075,98.7,238,0.87,27313,99.56,120,0.44,27433,100
37118,716,0,0,0,0,0,0,0,0,0,0,7,0.98,7,0.98,0,0,7,0.98,0,0,7,0.98,0,0,7,0.98,12,1.68,19,2.65,97.35,259,36.17,278,38.83,146,20.39,424,59.22,16,2.23,440,61.45,38.55,38,5.31,478,66.76,149,20.81,627,87.57,54,7.54,681,95.11,19,2.65,700,97.77,16,2.23,716,100
37122,39783,112,0.28,0,0,112,0.28,167,0.42,279,0.7,240,0.6,519,1.3,219,0.55,738,1.86,449,1.13,1187,2.98,464,1.17,1651,4.15,336,0.84,1987,4.99,95.01,9423,23.69,11410,28.68,2699,6.78,14109,35.46,6542,16.44,20651,51.91,48.09,3147,7.91,23798,59.82,10674,26.83,34472,86.65,4104,10.32,38576,96.97,717,1.8,39293,98.77,490,1.23,39783,100
37127,11883,63,0.53,8,0.07,71,0.6,13,0.11,84,0.71,181,1.52,265,2.23,59,0.5,324,2.73,159,1.34,483,4.06,190,1.6,673,5.66,261,2.2,934,7.86,92.14,3310,27.85,4244,35.71,928,7.81,5172,43.52,2009,16.91,7181,60.43,39.57,804,6.77,7985,67.2,2633,22.16,10618,89.35,925,7.78,11543,97.14,107,0.9,11650,98.04,233,1.96,11883,100
37128,34942,111,0.32,0,0,111,0.32,140,0.4,251,0.72,205,0.59,456,1.31,114,0.33,570,1.63,119,0.34,689,1.97,189,0.54,878,2.51,597,1.71,1475,4.22,95.78,7316,20.94,8791,25.16,2017,5.77,10808,30.93,6194,17.73,17002,48.66,51.34,3136,8.97,20138,57.63,10806,30.93,30944,88.56,3092,8.85,34036,97.41,461,1.32,34497,98.73,445,1.27,34942,100
37129,39805,333,0.84,37,0.09,370,0.93,40,0.1,410,1.03,413,1.04,823,2.07,302,0.76,1125,2.83,330,0.83,1455,3.66,704,1.77,2159,5.42,587,1.47,2746,6.9,93.10,10970,27.56,13716,34.46,2818,7.08,16534,41.54,6194,15.56,22728,57.1,42.90,3188,8.01,25916,65.11,8770,22.03,34686,87.14,3570,8.97,38256,96.11,986,2.48,39242,98.59,563,1.41,39805,100
37130,32937,278,0.84,114,0.35,392,1.19,173,0.53,565,1.72,604,1.83,1169,3.55,555,1.69,1724,5.23,719,2.18,2443,7.42,579,1.76,3022,9.18,428,1.3,3450,10.47,89.53,8361,25.38,11811,35.86,2181,6.62,13992,42.48,5283,16.04,19275,58.52,41.48,2610,7.92,21885,66.45,7301,22.17,29186,88.61,2584,7.85,31770,96.46,542,1.65,32312,98.1,625,1.9,32937,100
37132,111,0,0,0,0,0,0,0,0,0,0,0,0,0,0,0,0,0,0,0,0,0,0,0,0,0,0,0,0,0,0,100.00,0,0,0,0,0,0,0,0,24,21.62,24,21.62,78.38,11,9.91,35,31.53,28,25.23,63,56.76,48,43.24,111,100,0,0,111,100,0,0,111,100
37135,8747,0,0,0,0,0,0,42,0.48,42,0.48,52,0.59,94,1.07,15,0.17,109,1.25,72,0.82,181,2.07,17,0.19,198,2.26,80,0.91,278,3.18,96.82,1158,13.24,1436,16.42,276,3.16,1712,19.57,1220,13.95,2932,33.52,66.48,522,5.97,3454,39.49,3283,37.53,6737,77.02,1573,17.98,8310,95,242,2.77,8552,97.77,195,2.23,8747,100
37138,17007,136,0.8,16,0.09,152,0.89,30,0.18,182,1.07,439,2.58,621,3.65,126,0.74,747,4.39,261,1.53,1008,5.93,525,3.09,1533,9.01,265,1.56,1798,10.57,89.43,4208,24.74,6006,35.31,1195,7.03,7201,42.34,2458,14.45,9659,56.79,43.21,1403,8.25,11062,65.04,4155,24.43,15217,89.47,1172,6.89,16389,96.37,407,2.39,16796,98.76,211,1.24,17007,100
37141,791,2,0.25,0,0,2,0.25,0,0,2,0.25,2,0.25,4,0.51,23,2.91,27,3.41,15,1.9,42,5.31,26,3.29,68,8.6,11,1.39,79,9.99,90.01,312,39.44,391,49.43,61,7.71,452,57.14,98,12.39,550,69.53,30.47,100,12.64,650,82.17,85,10.75,735,92.92,41,5.18,776,98.1,0,0,776,98.1,15,1.9,791,100
37143,2944,12,0.41,0,0,12,0.41,10,0.34,22,0.75,34,1.15,56,1.9,6,0.2,62,2.11,104,3.53,166,5.64,42,1.43,208,7.07,22,0.75,230,7.81,92.19,1166,39.61,1396,47.42,144,4.89,1540,52.31,506,17.19,2046,69.5,30.50,287,9.75,2333,79.25,455,15.46,2788,94.7,135,4.59,2923,99.29,5,0.17,2928,99.46,16,0.54,2944,100
37145,1430,12,0.84,9,0.63,21,1.47,0,0,21,1.47,52,3.64,73,5.1,8,0.56,81,5.66,63,4.41,144,10.07,73,5.1,217,15.17,8,0.56,225,15.73,84.27,572,40,797,55.73,164,11.47,961,67.2,165,11.54,1126,78.74,21.26,128,8.95,1254,87.69,130,9.09,1384,96.78,38,2.66,1422,99.44,0,0,1422,99.44,8,0.56,1430,100
37146,5095,43,0.84,21,0.41,64,1.26,0,0,64,1.26,99,1.94,163,3.2,49,0.96,212,4.16,75,1.47,287,5.63,166,3.26,453,8.89,52,1.02,505,9.91,90.09,1521,29.85,2026,39.76,260,5.1,2286,44.87,834,16.37,3120,61.24,38.76,341,6.69,3461,67.93,882,17.31,4343,85.24,568,11.15,4911,96.39,82,1.61,4993,98,102,2,5095,100
37148,16404,92,0.56,83,0.51,175,1.07,212,1.29,387,2.36,351,2.14,738,4.5,335,2.04,1073,6.54,609,3.71,1682,10.25,612,3.73,2294,13.98,323,1.97,2617,15.95,84.05,7007,42.72,9624,58.67,1486,9.06,11110,67.73,2077,12.66,13187,80.39,19.61,1217,7.42,14404,87.81,1498,9.13,15902,96.94,413,2.52,16315,99.46,70,0.43,16385,99.88,19,0.12,16404,100
37149,2042,0,0,0,0,0,0,15,0.73,15,0.73,16,0.78,31,1.52,22,1.08,53,2.6,53,2.6,106,5.19,56,2.74,162,7.93,58,2.84,220,10.77,89.23,904,44.27,1124,55.04,147,7.2,1271,62.24,255,12.49,1526,74.73,25.27,139,6.81,1665,81.54,184,9.01,1849,90.55,163,7.98,2012,98.53,30,1.47,2042,100,0,0,2042,100
37150,3412,9,0.26,0,0,9,0.26,101,2.96,110,3.22,197,5.77,307,9,98,2.87,405,11.87,175,5.13,580,17,126,3.69,706,20.69,7,0.21,713,20.9,79.10,1604,47.01,2317,67.91,272,7.97,2589,75.88,310,9.09,2899,84.96,15.04,163,4.78,3062,89.74,195,5.72,3257,95.46,138,4.04,3395,99.5,10,0.29,3405,99.79,7,0.21,3412,100
37151,364,0,0,0,0,0,0,0,0,0,0,0,0,0,0,0,0,0,0,0,0,0,0,0,0,0,0,0,0,0,0,100.00,198,54.4,198,54.4,40,10.99,238,65.38,26,7.14,264,72.53,27.47,35,9.62,299,82.14,12,3.3,311,85.44,26,7.14,337,92.58,11,3.02,348,95.6,16,4.4,364,100
37153,4409,47,1.07,0,0,47,1.07,0,0,47,1.07,0,0,47,1.07,14,0.32,61,1.38,68,1.54,129,2.93,15,0.34,144,3.27,42,0.95,186,4.22,95.78,1128,25.58,1314,29.8,325,7.37,1639,37.17,684,15.51,2323,52.69,47.31,332,7.53,2655,60.22,1204,27.31,3859,87.53,371,8.41,4230,95.94,94,2.13,4324,98.07,85,1.93,4409,100
37165,33,0,0,0,0,0,0,2,6.06,2,6.06,0,0,2,6.06,0,0,2,6.06,0,0,2,6.06,1,3.03,3,9.09,1,3.03,4,12.12,87.88,14,42.42,18,54.55,7,21.21,25,75.76,0,0,25,75.76,24.24,5,15.15,30,90.91,3,9.09,33,100,0,0,33,100,0,0,33,100,0,0,33,100
37166,9871,134,1.36,41,0.42,175,1.77,154,1.56,329,3.33,424,4.3,753,7.63,227,2.3,980,9.93,426,4.32,1406,14.24,504,5.11,1910,19.35,242,2.45,2152,21.8,78.20,3997,40.49,6149,62.29,762,7.72,6911,70.01,946,9.58,7857,79.6,20.40,476,4.82,8333,84.42,1034,10.48,9367,94.89,377,3.82,9744,98.71,60,0.61,9804,99.32,67,0.68,9871,100
37167,39149,343,0.88,187,0.48,530,1.35,380,0.97,910,2.32,296,0.76,1206,3.08,598,1.53,1804,4.61,526,1.34,2330,5.95,667,1.7,2997,7.66,640,1.63,3637,9.29,90.71,12325,31.48,15962,40.77,2877,7.35,18839,48.12,6928,17.7,25767,65.82,34.18,3339,8.53,29106,74.35,7472,19.09,36578,93.43,2115,5.4,38693,98.84,322,0.82,39015,99.66,134,0.34,39149,100
37172,20734,190,0.92,185,0.89,375,1.81,253,1.22,628,3.03,516,2.49,1144,5.52,415,2,1559,7.52,547,2.64,2106,10.16,584,2.82,2690,12.97,277,1.34,2967,14.31,85.69,8496,40.98,11463,55.29,1911,9.22,13374,64.5,2583,12.46,15957,76.96,23.04,1279,6.17,17236,83.13,2367,11.42,19603,94.55,818,3.95,20421,98.49,131,0.63,20552,99.12,182,0.88,20734,100
37174,23581,72,0.31,38,0.16,110,0.47,20,0.08,130,0.55,62,0.26,192,0.81,154,0.65,346,1.47,54,0.23,400,1.7,227,0.96,627,2.66,610,2.59,1237,5.25,94.75,4114,17.45,5351,22.69,1485,6.3,6836,28.99,3607,15.3,10443,44.29,55.71,2850,12.09,13293,56.37,7537,31.96,20830,88.33,2328,9.87,23158,98.21,174,0.74,23332,98.94,249,1.06,23581,100
37179,9388,17,0.18,0,0,17,0.18,6,0.06,23,0.24,29,0.31,52,0.55,95,1.01,147,1.57,176,1.87,323,3.44,0,0,323,3.44,113,1.2,436,4.64,95.36,1762,18.77,2198,23.41,541,5.76,2739,29.18,1214,12.93,3953,42.11,57.89,591,6.3,4544,48.4,3539,37.7,8083,86.1,1045,11.13,9128,97.23,48,0.51,9176,97.74,212,2.26,9388,100
37181,1079,15,1.39,1,0.09,16,1.48,4,0.37,20,1.85,54,5,74,6.86,10,0.93,84,7.78,58,5.38,142,13.16,1,0.09,143,13.25,18,1.67,161,14.92,85.08,473,43.84,634,58.76,75,6.95,709,65.71,88,8.16,797,73.86,26.14,135,12.51,932,86.38,87,8.06,1019,94.44,41,3.8,1060,98.24,10,0.93,1070,99.17,9,0.83,1079,100
37184,4399,14,0.32,0,0,14,0.32,0,0,14,0.32,114,2.59,128,2.91,182,4.14,310,7.05,140,3.18,450,10.23,183,4.16,633,14.39,86,1.95,719,16.34,83.66,1688,38.37,2407,54.72,345,7.84,2752,62.56,602,13.68,3354,76.24,23.76,314,7.14,3668,83.38,498,11.32,4166,94.7,169,3.84,4335,98.55,64,1.45,4399,100,0,0,4399,100
37186,6490,132,2.03,61,0.94,193,2.97,57,0.88,250,3.85,342,5.27,592,9.12,109,1.68,701,10.8,156,2.4,857,13.2,160,2.47,1017,15.67,141,2.17,1158,17.84,82.16,3113,47.97,4271,65.81,426,6.56,4697,72.37,742,11.43,5439,83.81,16.19,413,6.36,5852,90.17,418,6.44,6270,96.61,151,2.33,6421,98.94,69,1.06,6490,100,0,0,6490,100
37187,5304,129,2.43,10,0.19,139,2.62,11,0.21,150,2.83,260,4.9,410,7.73,103,1.94,513,9.67,323,6.09,836,15.76,265,5,1101,20.76,105,1.98,1206,22.74,77.26,2333,43.99,3539,66.72,250,4.71,3789,71.44,504,9.5,4293,80.94,19.06,240,4.52,4533,85.46,359,6.77,4892,92.23,334,6.3,5226,98.53,16,0.3,5242,98.83,62,1.17,5304,100
37188,10362,71,0.69,20,0.19,91,0.88,6,0.06,97,0.94,173,1.67,270,2.61,80,0.77,350,3.38,170,1.64,520,5.02,79,0.76,599,5.78,105,1.01,704,6.79,93.21,3542,34.18,4246,40.98,915,8.83,5161,49.81,1626,15.69,6787,65.5,34.50,912,8.8,7699,74.3,1994,19.24,9693,93.54,582,5.62,10275,99.16,14,0.14,10289,99.3,73,0.7,10362,100
37189,3139,0,0,0,0,0,0,14,0.45,14,0.45,22,0.7,36,1.15,20,0.64,56,1.78,24,0.76,80,2.55,36,1.15,116,3.7,69,2.2,185,5.89,94.11,859,27.37,1044,33.26,184,5.86,1228,39.12,487,15.51,1715,54.64,45.36,225,7.17,1940,61.8,717,22.84,2657,84.64,317,10.1,2974,94.74,107,3.41,3081,98.15,58,1.85,3139,100
37190,6139,90,1.47,22,0.36,112,1.82,49,0.8,161,2.62,181,2.95,342,5.57,142,2.31,484,7.88,159,2.59,643,10.47,165,2.69,808,13.16,80,1.3,888,14.46,85.54,2657,43.28,3545,57.75,243,3.96,3788,61.7,964,15.7,4752,77.41,22.59,276,4.5,5028,81.9,644,10.49,5672,92.39,296,4.82,5968,97.21,73,1.19,6041,98.4,98,1.6,6139,100
37201,1257,0,0,0,0,0,0,17,1.35,17,1.35,38,3.02,55,4.38,15,1.19,70,5.57,48,3.82,118,9.39,24,1.91,142,11.3,1,0.08,143,11.38,88.62,245,19.49,388,30.87,99,7.88,487,38.74,202,16.07,689,54.81,45.19,28,2.23,717,57.04,467,37.15,1184,94.19,37,2.94,1221,97.14,18,1.43,1239,98.57,18,1.43,1257,100
37203,11223,46,0.41,26,0.23,72,0.64,0,0,72,0.64,89,0.79,161,1.43,184,1.64,345,3.07,150,1.34,495,4.41,306,2.73,801,7.14,217,1.93,1018,9.07,90.93,1397,12.45,2415,21.52,471,4.2,2886,25.72,1222,10.89,4108,36.6,63.40,423,3.77,4531,40.37,3730,33.24,8261,73.61,1858,16.56,10119,90.16,623,5.55,10742,95.71,481,4.29,11223,100
37204,9905,63,0.64,6,0.06,69,0.7,20,0.2,89,0.9,6,0.06,95,0.96,65,0.66,160,1.62,82,0.83,242,2.44,143,1.44,385,3.89,38,0.38,423,4.27,95.73,696,7.03,1119,11.3,219,2.21,1338,13.51,988,9.97,2326,23.48,76.52,505,5.1,2831,28.58,4207,42.47,7038,71.06,1888,19.06,8926,90.12,663,6.69,9589,96.81,316,3.19,9905,100
37205,18164,9,0.05,62,0.34,71,0.39,0,0,71,0.39,52,0.29,123,0.68,56,0.31,179,0.99,52,0.29,231,1.27,51,0.28,282,1.55,50,0.28,332,1.83,98.17,1220,6.72,1552,8.54,542,2.98,2094,11.53,1700,9.36,3794,20.89,79.11,724,3.99,4518,24.87,7252,39.93,11770,64.8,3385,18.64,15155,83.43,1889,10.4,17044,93.83,1120,6.17,18164,100
37206,18741,241,1.29,27,0.14,268,1.43,76,0.41,344,1.84,222,1.18,566,3.02,216,1.15,782,4.17,323,1.72,1105,5.9,405,2.16,1510,8.06,157,0.84,1667,8.89,91.11,3683,19.65,5350,28.55,1135,6.06,6485,34.6,2579,13.76,9064,48.36,51.64,786,4.19,9850,52.56,5868,31.31,15718,83.87,2119,11.31,17837,95.18,576,3.07,18413,98.25,328,1.75,18741,100
37207,25832,580,2.25,88,0.34,668,2.59,385,1.49,1053,4.08,459,1.78,1512,5.85,496,1.92,2008,7.77,586,2.27,2594,10.04,954,3.69,3548,13.73,730,2.83,4278,16.56,83.44,8857,34.29,13135,50.85,1545,5.98,14680,56.83,4230,16.38,18910,73.2,26.80,1443,5.59,20353,78.79,3745,14.5,24098,93.29,1319,5.11,25417,98.39,178,0.69,25595,99.08,237,0.92,25832,100
37208,11873,203,1.71,8,0.07,211,1.78,55,0.46,266,2.24,287,2.42,553,4.66,357,3.01,910,7.66,285,2.4,1195,10.06,496,4.18,1691,14.24,289,2.43,1980,16.68,83.32,2771,23.34,4751,40.02,539,4.54,5290,44.55,1815,15.29,7105,59.84,40.16,286,2.41,7391,62.25,2270,19.12,9661,81.37,1602,13.49,11263,94.86,309,2.6,11572,97.46,301,2.54,11873,100
37209,26141,338,1.29,93,0.36,431,1.65,128,0.49,559,2.14,344,1.32,903,3.45,235,0.9,1138,4.35,670,2.56,1808,6.92,708,2.71,2516,9.62,295,1.13,2811,10.75,89.25,5274,20.18,8085,30.93,915,3.5,9000,34.43,3481,13.32,12481,47.74,52.26,1541,5.89,14022,53.64,7487,28.64,21509,82.28,2835,10.85,24344,93.13,1172,4.48,25516,97.61,625,2.39,26141,100
37210,10895,261,2.4,106,0.97,367,3.37,319,2.93,686,6.3,164,1.51,850,7.8,394,3.62,1244,11.42,268,2.46,1512,13.88,319,2.93,1831,16.81,375,3.44,2206,20.25,79.75,3167,29.07,5373,49.32,498,4.57,5871,53.89,1507,13.83,7378,67.72,32.28,630,5.78,8008,73.5,2199,20.18,10207,93.69,432,3.97,10639,97.65,162,1.49,10801,99.14,94,0.86,10895,100
37211,52117,1528,2.93,738,1.42,2266,4.35,1273,2.44,3539,6.79,1504,2.89,5043,9.68,1334,2.56,6377,12.24,1015,1.95,7392,14.18,775,1.49,8167,15.67,1122,2.15,9289,17.82,82.18,11897,22.83,21186,40.65,2007,3.85,23193,44.5,6621,12.7,29814,57.21,42.79,2937,5.64,32751,62.84,12916,24.78,45667,87.62,4999,9.59,50666,97.22,811,1.56,51477,98.77,640,1.23,52117,100
37212,10553,50,0.47,7,0.07,57,0.54,0,0,57,0.54,53,0.5,110,1.04,57,0.54,167,1.58,59,0.56,226,2.14,84,0.8,310,2.94,120,1.14,430,4.07,95.93,934,8.85,1364,12.93,405,3.84,1769,16.76,962,9.12,2731,25.88,74.12,396,3.75,3127,29.63,3604,34.15,6731,63.78,2045,19.38,8776,83.16,825,7.82,9601,90.98,952,9.02,10553,100
37213,76,0,0,0,0,0,0,0,0,0,0,0,0,0,0,0,0,0,0,0,0,0,0,0,0,0,0,0,0,0,0,100.00,54,71.05,54,71.05,0,0,54,71.05,0,0,54,71.05,28.95,0,0,54,71.05,22,28.95,76,100,0,0,76,100,0,0,76,100,0,0,76,100
37214,23046,170,0.74,27,0.12,197,0.85,57,0.25,254,1.1,117,0.51,371,1.61,123,0.53,494,2.14,351,1.52,845,3.67,229,0.99,1074,4.66,316,1.37,1390,6.03,93.97,5609,24.34,6999,30.37,1535,6.66,8534,37.03,3461,15.02,11995,52.05,47.95,2014,8.74,14009,60.79,6579,28.55,20588,89.33,1960,8.5,22548,97.84,277,1.2,22825,99.04,221,0.96,23046,100
37215,16500,7,0.04,6,0.04,13,0.08,6,0.04,19,0.12,44,0.27,63,0.38,22,0.13,85,0.52,45,0.27,130,0.79,35,0.21,165,1,103,0.62,268,1.62,98.38,763,4.62,1031,6.25,427,2.59,1458,8.84,1552,9.41,3010,18.24,81.76,317,1.92,3327,20.16,6315,38.27,9642,58.44,3336,20.22,12978,78.65,2472,14.98,15450,93.64,1050,6.36,16500,100
37216,13961,33,0.24,72,0.52,105,0.75,32,0.23,137,0.98,66,0.47,203,1.45,192,1.38,395,2.83,308,2.21,703,5.04,315,2.26,1018,7.29,169,1.21,1187,8.5,91.50,3022,21.65,4209,30.15,748,5.36,4957,35.51,2183,15.64,7140,51.14,48.86,974,6.98,8114,58.12,4095,29.33,12209,87.45,1404,10.06,13613,97.51,176,1.26,13789,98.77,172,1.23,13961,100
37217,20580,560,2.72,185,0.9,745,3.62,306,1.49,1051,5.11,572,2.78,1623,7.89,240,1.17,1863,9.05,376,1.83,2239,10.88,334,1.62,2573,12.5,372,1.81,2945,14.31,85.69,5860,28.47,8805,42.78,1285,6.24,10090,49.03,2975,14.46,13065,63.48,36.52,1414,6.87,14479,70.35,4572,22.22,19051,92.57,1284,6.24,20335,98.81,142,0.69,20477,99.5,103,0.5,20580,100
37218,11538,116,1.01,0,0,116,1.01,91,0.79,207,1.79,279,2.42,486,4.21,151,1.31,637,5.52,363,3.15,1000,8.67,430,3.73,1430,12.39,356,3.09,1786,15.48,84.52,3325,28.82,5111,44.3,836,7.25,5947,51.54,2130,18.46,8077,70,30.00,629,5.45,8706,75.46,1692,14.66,10398,90.12,906,7.85,11304,97.97,138,1.2,11442,99.17,96,0.83,11538,100
37219,953,0,0,0,0,0,0,0,0,0,0,0,0,0,0,0,0,0,0,0,0,0,0,0,0,0,0,0,0,0,0,100.00,52,5.46,52,5.46,0,0,52,5.46,145,15.22,197,20.67,79.33,39,4.09,236,24.76,434,45.54,670,70.3,110,11.54,780,81.85,138,14.48,918,96.33,35,3.67,953,100
37220,4278,0,0,11,0.26,11,0.26,0,0,11,0.26,0,0,11,0.26,0,0,11,0.26,7,0.16,18,0.42,0,0,18,0.42,0,0,18,0.42,99.58,479,11.2,497,11.62,158,3.69,655,15.31,453,10.59,1108,25.9,74.10,194,4.53,1302,30.43,1839,42.99,3141,73.42,664,15.52,3805,88.94,352,8.23,4157,97.17,121,2.83,4278,100
37221,30029,276,0.92,80,0.27,356,1.19,27,0.09,383,1.28,176,0.59,559,1.86,175,0.58,734,2.44,129,0.43,863,2.87,266,0.89,1129,3.76,156,0.52,1285,4.28,95.72,4323,14.4,5608,18.68,1104,3.68,6712,22.35,4296,14.31,11008,36.66,63.34,2036,6.78,13044,43.44,9671,32.21,22715,75.64,4803,15.99,27518,91.64,1111,3.7,28629,95.34,1400,4.66,30029,100
37228,1232,0,0,0,0,0,0,3,0.24,3,0.24,0,0,3,0.24,18,1.46,21,1.7,144,11.69,165,13.39,36,2.92,201,16.31,29,2.35,230,18.67,81.33,264,21.43,494,40.1,0,0,494,40.1,223,18.1,717,58.2,41.80,28,2.27,745,60.47,209,16.96,954,77.44,180,14.61,1134,92.05,53,4.3,1187,96.35,45,3.65,1232,100
37357,3370,21,0.62,14,0.42,35,1.04,29,0.86,64,1.9,42,1.25,106,3.15,42,1.25,148,4.39,60,1.78,208,6.17,92,2.73,300,8.9,128,3.8,428,12.7,87.30,1665,49.41,2093,62.11,163,4.84,2256,66.94,421,12.49,2677,79.44,20.56,162,4.81,2839,84.24,376,11.16,3215,95.4,155,4.6,3370,100,0,0,3370,100,0,0,3370,100
38401,42219,496,1.17,31,0.07,527,1.25,269,0.64,796,1.89,767,1.82,1563,3.7,573,1.36,2136,5.06,726,1.72,2862,6.78,918,2.17,3780,8.95,512,1.21,4292,10.17,89.83,15981,37.85,20273,48.02,2989,7.08,23262,55.1,6002,14.22,29264,69.31,30.69,4317,10.23,33581,79.54,5562,13.17,39143,92.71,2257,5.35,41400,98.06,603,1.43,42003,99.49,216,0.51,42219,100
38451,3187,0,0,0,0,0,0,0,0,0,0,53,1.66,53,1.66,85,2.67,138,4.33,117,3.67,255,8,13,0.41,268,8.41,31,0.97,299,9.38,90.62,1331,41.76,1630,51.15,285,8.94,1915,60.09,450,14.12,2365,74.21,25.79,281,8.82,2646,83.02,439,13.77,3085,96.8,85,2.67,3170,99.47,17,0.53,3187,100,0,0,3187,100
38461,888,53,5.97,6,0.68,59,6.64,0,0,59,6.64,22,2.48,81,9.12,0,0,81,9.12,31,3.49,112,12.61,9,1.01,121,13.63,34,3.83,155,17.45,82.55,367,41.33,522,58.78,43,4.84,565,63.63,138,15.54,703,79.17,20.83,75,8.45,778,87.61,85,9.57,863,97.18,9,1.01,872,98.2,16,1.8,888,100,0,0,888,100
38474,5708,61,1.07,0,0,61,1.07,11,0.19,72,1.26,83,1.45,155,2.72,132,2.31,287,5.03,266,4.66,553,9.69,67,1.17,620,10.86,88,1.54,708,12.4,87.60,2206,38.65,2914,51.05,305,5.34,3219,56.39,713,12.49,3932,68.89,31.11,552,9.67,4484,78.56,901,15.78,5385,94.34,258,4.52,5643,98.86,19,0.33,5662,99.19,46,0.81,5708,100
38476,810,35,4.32,0,0,35,4.32,20,2.47,55,6.79,106,13.09,161,19.88,0,0,161,19.88,43,5.31,204,25.19,8,0.99,212,26.17,13,1.6,225,27.78,72.22,249,30.74,474,58.52,37,4.57,511,63.09,84,10.37,595,73.46,26.54,150,18.52,745,91.98,50,6.17,795,98.15,15,1.85,810,100,0,0,810,100,0,0,810,100
38482,1107,8,0.72,0,0,8,0.72,32,2.89,40,3.61,15,1.36,55,4.97,19,1.72,74,6.68,80,7.23,154,13.91,0,0,154,13.91,39,3.52,193,17.43,82.57,350,31.62,543,49.05,61,5.51,604,54.56,105,9.49,709,64.05,35.95,164,14.81,873,78.86,134,12.1,1007,90.97,79,7.14,1086,98.1,21,1.9,1107,100,0,0,1107,100
38483,3785,157,4.15,9,0.24,166,4.39,0,0,166,4.39,137,3.62,303,8.01,143,3.78,446,11.78,125,3.3,571,15.09,65,1.72,636,16.8,95,2.51,731,19.31,80.69,1631,43.09,2362,62.4,212,5.6,2574,68.01,459,12.13,3033,80.13,19.87,346,9.14,3379,89.27,292,7.71,3671,96.99,81,2.14,3752,99.13,6,0.16,3758,99.29,27,0.71,3785,100
38487,720,9,1.25,0,0,9,1.25,0,0,9,1.25,12,1.67,21,2.92,16,2.22,37,5.14,51,7.08,88,12.22,43,5.97,131,18.19,0,0,131,18.19,81.81,284,39.44,415,57.64,67,9.31,482,66.94,118,16.39,600,83.33,16.67,37,5.14,637,88.47,44,6.11,681,94.58,39,5.42,720,100,0,0,720,100,0,0,720,100
38547,1528,8,0.52,0,0,8,0.52,12,0.79,20,1.31,17,1.11,37,2.42,4,0.26,41,2.68,39,2.55,80,5.24,15,0.98,95,6.22,38,2.49,133,8.7,91.30,733,47.97,866,56.68,167,10.93,1033,67.6,155,10.14,1188,77.75,22.25,39,2.55,1227,80.3,186,12.17,1413,92.47,22,1.44,1435,93.91,72,4.71,1507,98.63,21,1.37,1528,100
38548,582,0,0,0,0,0,0,0,0,0,0,24,4.12,24,4.12,0,0,24,4.12,16,2.75,40,6.87,5,0.86,45,7.73,0,0,45,7.73,92.27,455,78.18,500,85.91,10,1.72,510,87.63,31,5.33,541,92.96,7.04,0,0,541,92.96,23,3.95,564,96.91,0,0,564,96.91,0,0,564,96.91,18,3.09,582,100
38552,131,4,3.05,0,0,4,3.05,0,0,4,3.05,0,0,4,3.05,0,0,4,3.05,0,0,4,3.05,0,0,4,3.05,9,6.87,13,9.92,90.08,87,66.41,100,76.34,0,0,100,76.34,4,3.05,104,79.39,20.61,4,3.05,108,82.44,23,17.56,131,100,0,0,131,100,0,0,131,100,0,0,131,100
38560,1042,13,1.25,0,0,13,1.25,14,1.34,27,2.59,82,7.87,109,10.46,60,5.76,169,16.22,33,3.17,202,19.39,40,3.84,242,23.22,7,0.67,249,23.9,76.10,458,43.95,707,67.85,47,4.51,754,72.36,102,9.79,856,82.15,17.85,46,4.41,902,86.56,114,10.94,1016,97.5,22,2.11,1038,99.62,4,0.38,1042,100,0,0,1042,100
38563,2195,13,0.59,0,0,13,0.59,0,0,13,0.59,83,3.78,96,4.37,16,0.73,112,5.1,70,3.19,182,8.29,122,5.56,304,13.85,85,3.87,389,17.72,82.28,979,44.6,1368,62.32,189,8.61,1557,70.93,220,10.02,1777,80.96,19.04,74,3.37,1851,84.33,164,7.47,2015,91.8,180,8.2,2195,100,0,0,2195,100,0,0,2195,100
38567,536,0,0,0,0,0,0,0,0,0,0,0,0,0,0,0,0,0,0,0,0,0,0,7,1.31,7,1.31,0,0,7,1.31,98.69,265,49.44,272,50.75,16,2.99,288,53.73,32,5.97,320,59.7,40.30,67,12.5,387,72.2,120,22.39,507,94.59,19,3.54,526,98.13,10,1.87,536,100,0,0,536,100
38569,62,0,0,0,0,0,0,0,0,0,0,9,14.52,9,14.52,0,0,9,14.52,0,0,9,14.52,0,0,9,14.52,0,0,9,14.52,85.48,29,46.77,38,61.29,9,14.52,47,75.81,0,0,47,75.81,24.19,9,14.52,56,90.32,0,0,56,90.32,6,9.68,62,100,0,0,62,100,0,0,62,100
